Customer_ID,Name,Email,Phone,City,Country
1,Deborah Griffith,balljoseph@wright-keith.net,1234567891,South Craigfort,Denmark
2,Crystal Clements,kimberlybennett@curtis.com,1234567892,East Derekberg,Nicaragua
3,Susan Fuller,beanmichael@burnett-stewart.net,1234567893,Austinbury,Equatorial Guinea
4,Jamie Ramirez,amandahood@warren.com,1234567894,Dianamouth,Slovenia
5,Marcus Murphy,connerjohn@yahoo.com,1234567895,Smithbury,Guinea-Bissau
6,Stephen Vasquez,ricemiguel@yahoo.com,1234567896,Hamiltonstad,Rwanda
7,Susan Hicks,jeffrey91@yahoo.com,1234567897,East Rebecca,Montenegro
8,Matthew Johnson,austinkenneth@manning.net,1234567898,Kirstenborough,Israel
9,Matthew Williams,jeffrey41@diaz.com,1234567899,Rebeccafurt,Somalia
10,Ronald Osborn,staciekelley@heath.com,1234567900,Lake Benjamin,Cameroon
11,Thomas Garcia,rmiller@gmail.com,1234567901,West Monicabury,Argentina
12,Jennifer Murray,wilsonbrittany@hotmail.com,1234567902,South Ashleychester,Zimbabwe
13,Kristine Kim,sarahwilliams@hotmail.com,1234567903,Lake Robert,Nigeria
14,John Wood,johnsonalexander@gmail.com,1234567904,Richardsonville,New Caledonia
15,Vanessa Gaines,tbullock@gmail.com,1234567905,Rodriguezmouth,Wallis and Futuna
16,Stacey Flores,jackjackson@hotmail.com,1234567906,East Michaelfurt,Saint Helena
17,Christine Maldonado,ztaylor@yahoo.com,1234567907,Smithborough,Chile
18,David Watson,laurenlawson@alvarez-mcfarland.com,1234567908,New Josephtown,Equatorial Guinea
19,Marc Nash,joshua59@gmail.com,1234567909,Davidton,French Guiana
20,Robert Salas,schultzjohn@thomas.com,1234567910,Schultzchester,Denmark
21,Edgar Frost,maria51@gmail.com,1234567911,Jonathanhaven,Saudi Arabia
22,Stacey Adams,fjohnson@gmail.com,1234567912,Clintonmouth,Iceland
23,Hannah Drake,sandersallen@hotmail.com,1234567913,Deannabury,Faroe Islands
24,Christina Mitchell,justin67@yahoo.com,1234567914,Bridgestown,Trinidad and Tobago
25,James Martin,reynoldstyrone@wiggins.com,1234567915,North James,Yemen
26,Dylan Bell,isaac43@gmail.com,1234567916,North Aaron,Guam
27,Debbie Sampson,collin21@hotmail.com,1234567917,Christopherburgh,Bahamas
28,William Burns,valeriemack@gmail.com,1234567918,South Kristyville,Netherlands
29,John Maxwell,martinsamantha@martin.net,1234567919,Nolanstad,Cuba
30,Dylan Garcia,oanderson@yahoo.com,1234567920,Hallfort,Turkey
31,Amanda Morton,lolsen@jones.com,1234567921,Marktown,Antigua and Barbuda
32,Jeffrey Shannon,nmcmillan@smith.com,1234567922,New Carlosbury,Malta
33,Kristin Hall,michele78@yahoo.com,1234567923,Underwoodfurt,Cuba
34,Ryan Love,joseph37@gmail.com,1234567924,Leestad,Anguilla
35,Daniel Gonzalez,nday@combs.com,1234567925,Hoovermouth,Fiji
36,Benjamin Wallace,alexander26@hotmail.com,1234567926,Schroederton,Botswana
37,Ryan Lara,benjamin38@thompson-adams.net,1234567927,Port Jameschester,Chad
38,Nicholas Harris,christine93@perkins.com,1234567928,Davistown,Canada
39,Tonya Arnold,aprice@hotmail.com,1234567929,Nelsonmouth,Japan
40,Beth Gomez,wjackson@bowen.com,1234567930,Hollyhaven,Myanmar
41,Samuel Daniels,andrew07@gmail.com,1234567931,Codyton,Benin
42,Susan Wilson,ohood@yahoo.com,1234567932,Jeffreystad,Niger
43,Steven Stone,jill61@herrera.org,1234567933,Ashleytown,Maldives
44,Alexis Gallegos,craig42@smith-carroll.com,1234567934,Conniefort,Lesotho
45,Jennifer Fowler,whitemargaret@blackwell.info,1234567935,Carlsonfort,Ireland
46,Travis Wells,stacywilson@hotmail.com,1234567936,New David,Moldova
47,Debra Park,dawnmyers@munoz-ayala.com,1234567937,Phillipsmouth,Isle of Man
48,Paula Harris,lisa63@barber.org,1234567938,Reginaside,Saint Kitts and Nevis
49,Anne Dean,katrinaedwards@anderson.org,1234567939,Jonathanberg,Heard Island and McDonald Islands
50,Kimberly Thomas,omoore@garcia.com,1234567940,New Ruben,Tajikistan
51,Cynthia Walker,huertarobert@gmail.com,1234567941,Lake Robertfort,Yemen
52,Ian Lopez,larry64@gmail.com,1234567942,North Ashleyside,Guyana
53,Sandra Coleman,emerritt@yahoo.com,1234567943,Lake Karenmouth,Netherlands Antilles
54,Rachel Jones,bmedina@hotmail.com,1234567944,Brendafurt,Central African Republic
55,Michelle Stevens,janicethompson@jones-arnold.com,1234567945,Wagnerfurt,Romania
56,Dr. Susan Nichols,hernandezchelsea@thompson.com,1234567946,East Lisaberg,Netherlands Antilles
57,Nicolas Joseph,debra75@gmail.com,1234567947,Lindaburgh,Congo
58,Michael Young,anthony39@gmail.com,1234567948,Lake Tannerton,United Arab Emirates
59,Andrew Collins,msanchez@king.net,1234567949,West Sheri,Guatemala
60,Steven Matthews,timothy98@durham.info,1234567950,Lake Sharonville,Senegal
61,Lindsay Reynolds,cynthia58@robinson.biz,1234567951,Port Manuelfurt,Belgium
62,Paul Heath,pamelamartin@yahoo.com,1234567952,East Shannonview,Isle of Man
63,Manuel Lewis,alicia70@hotmail.com,1234567953,Brendatown,Heard Island and McDonald Islands
64,Jennifer Clark,michael13@cantu-hawkins.com,1234567954,Jamesville,British Indian Ocean Territory (Chagos Archipelago)
65,Laura Wiggins,christopherhughes@gmail.com,1234567955,Sherryport,Tokelau
66,Molly Diaz,rwhite@gmail.com,1234567956,Brandonside,Seychelles
67,Denise Chapman,andrew13@pacheco-hughes.com,1234567957,Garcialand,Cote d'Ivoire
68,Kimberly Smith,imiller@gmail.com,1234567958,East Raymond,Indonesia
69,Gary Kaiser,linda39@yahoo.com,1234567959,South David,Saint Kitts and Nevis
70,Laura Duarte,jimenezchristine@dickson.com,1234567960,West Kimberlyhaven,Finland
71,Mrs. Natalie Hopkins DDS,douglasmccarthy@woodward-gallagher.com,1234567961,West Sarah,United States Virgin Islands
72,Ms. Nicole Lee,mary21@henry-maynard.com,1234567962,West Ethan,Saint Barthelemy
73,Peter Krueger,vwelch@yahoo.com,1234567963,New Lawrenceton,Zimbabwe
74,Bryan Moore,brendawong@juarez-camacho.biz,1234567964,Blackchester,Norfolk Island
75,Carla Webb,jennifer35@mann.biz,1234567965,Jasonmouth,Gabon
76,Kim Wang,jonesdylan@gmail.com,1234567966,Janicemouth,Turkey
77,Jason Villegas,thomas00@stewart.com,1234567967,Fieldsland,Senegal
78,Dr. Laurie Trevino,ryanbuchanan@hotmail.com,1234567968,Amberton,Saint Barthelemy
79,Daniel Brown,walkerrichard@young-grimes.com,1234567969,Villarrealland,Pakistan
80,Joy Fisher,kentchristian@gmail.com,1234567970,West Rogerview,Tuvalu
81,Matthew Hall,patrick24@hotmail.com,1234567971,Lake Zachary,Suriname
82,Shaun Fernandez,greenmichael@hotmail.com,1234567972,Wrightburgh,Malaysia
83,Aaron Clark,jessica98@hotmail.com,1234567973,Thomashaven,Fiji
84,Gary Blair,leonardtaylor@bowers.net,1234567974,Lake Paul,Armenia
85,Sheila Coleman,cmyers@cooper-davies.com,1234567975,South Connie,Bangladesh
86,Molly Robinson,rebeccataylor@mcbride.info,1234567976,South Kathleen,Cuba
87,Nathan Robbins,jenniferrodgers@garrison-baker.com,1234567977,East Tylertown,Bolivia
88,Gregory Joseph,kimangela@yahoo.com,1234567978,Fletcherview,Algeria
89,Erik Wang,gparks@yahoo.com,1234567979,New Desireebury,United Kingdom
90,Matthew Meyer,moorebrittany@yahoo.com,1234567980,West Christopher,Benin
91,Breanna Gonzalez,usimon@wright.com,1234567981,Andrewberg,Sierra Leone
92,Heather Hamilton,kathy50@hotmail.com,1234567982,Davidshire,Croatia
93,Jacob Cox,frank29@yahoo.com,1234567983,Robertburgh,San Marino
94,Mr. David Cox,millermichael@gmail.com,1234567984,West Anthony,New Zealand
95,Laura Fox,samanthaking@hogan.org,1234567985,New Theresa,Guadeloupe
96,Levi Pierce,bayers@gmail.com,1234567986,Dayburgh,Bouvet Island (Bouvetoya)
97,Daniel Sanford,amanda13@yahoo.com,1234567987,Lake Stevenhaven,French Southern Territories
98,Robert Blair,anicholson@gregory.com,1234567988,Josephfurt,United States Virgin Islands
99,Timothy Lane,janet99@davis.net,1234567989,South Heather,Turkey
100,Karla Guerrero,wsimpson@yahoo.com,1234567990,Dustinview,Argentina
101,Brooke Kline,shirleythomas@allen-skinner.net,1234567991,New James,Georgia
102,Christopher Williams,ufigueroa@hotmail.com,1234567992,Cherylport,Macedonia
103,Ashley Castro,watsonmolly@yahoo.com,1234567993,Leeport,Swaziland
104,Anthony Ortiz,amartinez@gmail.com,1234567994,Michaelfort,Nicaragua
105,Billy Ochoa,mstrong@yahoo.com,1234567995,Samanthaburgh,Andorra
106,Deborah Weber,kimberly54@yahoo.com,1234567996,North Dana,Equatorial Guinea
107,Amy Hunt,emilybecker@perkins.com,1234567997,Ericborough,Aruba
108,Brian Thompson,resparza@hotmail.com,1234567998,Banksshire,Tokelau
109,Jacob Kelley,qbarber@shelton.org,1234567999,Ravenberg,Macao
110,Rachel Phillips,jgutierrez@gmail.com,1234568000,Chelseachester,Serbia
111,Danielle Parsons,millerdaniel@hotmail.com,1234568001,Port Jessica,Brunei Darussalam
112,Andrew Wilson,johnny54@gmail.com,1234568002,North Nicholasmouth,Guinea-Bissau
113,Amy Peterson,frazierapril@hotmail.com,1234568003,Wellstown,Niger
114,Austin Baxter,chavezpaula@gmail.com,1234568004,Bellfurt,Uganda
115,Jacob Fernandez,adamsmith@mckay-ward.com,1234568005,East Lisashire,Micronesia
116,Joshua Rodriguez,melissa54@gmail.com,1234568006,Charleston,Palestinian Territory
117,Molly Murphy,jamesswanson@williams-smith.info,1234568007,Sawyerchester,Korea
118,Cynthia Stephens,nichole06@obrien-smith.com,1234568008,North Brian,Puerto Rico
119,Alyssa Cuevas,hholland@gmail.com,1234568009,Lake Victormouth,Serbia
120,Rita Wallace,catherinehayes@hotmail.com,1234568010,Lake Eric,Zimbabwe
121,Ashley Hernandez,wfrey@sosa.info,1234568011,Jenniferfurt,Japan
122,Colleen Navarro,darlenelawson@chan.com,1234568012,Russellshire,Belarus
123,Renee Clay,bellison@yahoo.com,1234568013,Bowmanport,Moldova
124,Mark Wilson,vaughansarah@gutierrez-patton.com,1234568014,North Juan,Antigua and Barbuda
125,Rebecca Perez,udavis@patton.com,1234568015,Michelleview,Sri Lanka
126,Bonnie Mcdonald,david81@shelton.com,1234568016,South Dianafurt,Myanmar
127,Joseph Mcmahon,sharon15@stone.com,1234568017,Lake Mary,Reunion
128,Lori Diaz,wellsmichael@baker.info,1234568018,Mallorymouth,Eritrea
129,Carolyn Perez,singhsarah@gmail.com,1234568019,Adkinsview,Macedonia
130,Michael Dodson,janice97@hotmail.com,1234568020,Courtneymouth,Grenada
131,Peter Smith,wmorales@miller.com,1234568021,North Carolyn,Jersey
132,Angela Maynard,millerjason@yahoo.com,1234568022,Milesmouth,India
133,Kristen Green,pyoung@hotmail.com,1234568023,West John,Iran
134,Nichole Velez,brenda93@gmail.com,1234568024,Keithberg,Uruguay
135,Katrina Diaz,amullins@hernandez.info,1234568025,Fishermouth,Samoa
136,Samantha Callahan,billysmith@yahoo.com,1234568026,Popeberg,Anguilla
137,Steven Miller,tsummers@yahoo.com,1234568027,North Keith,Papua New Guinea
138,Barbara Knight,bryan17@hotmail.com,1234568028,Shellyhaven,Georgia
139,Ruth Young,michelleaustin@gmail.com,1234568029,North Mallorytown,United States Minor Outlying Islands
140,Brett Henderson,zturner@matthews-clark.com,1234568030,Leeview,Liberia
141,Ryan Hernandez,morganhubbard@yahoo.com,1234568031,Stephanieberg,Saint Pierre and Miquelon
142,Patricia Lowe,tylerbennett@johnston.com,1234568032,North Danafurt,Luxembourg
143,Luis Stafford,pateltim@edwards.com,1234568033,Lake Robert,Qatar
144,Austin Shea,christopherhart@davis.com,1234568034,Port Jeffreybury,San Marino
145,Jessica Mays,david49@donaldson.com,1234568035,North Aaronton,Morocco
146,Yvonne Miles,fbaker@yahoo.com,1234568036,West Cynthiaview,Aruba
147,Melissa Frazier,patrickanderson@yahoo.com,1234568037,Lake Amyfort,Afghanistan
148,Steven Bryant,gbrowning@yahoo.com,1234568038,Lake Paul,Barbados
149,Jason Robinson,masonzachary@gmail.com,1234568039,Victoriafurt,French Guiana
150,Dr. Jessica Perez,stephanie05@padilla.net,1234568040,Rojasmouth,Saint Barthelemy
151,Katie Lang,perezjudith@delacruz.org,1234568041,Lake Anthony,Belgium
152,Rebecca Buckley,fross@hotmail.com,1234568042,East Marymouth,Malawi
153,George Wright,hillhannah@brown-carroll.info,1234568043,New Marie,Korea
154,Kristin Montoya,petersonvictoria@hawkins.org,1234568044,Port Theresa,Guernsey
155,James Stuart,staceycohen@chen.com,1234568045,South Mariaside,Turks and Caicos Islands
156,Jordan Mcguire,bradleyhernandez@yahoo.com,1234568046,Taylormouth,Cuba
157,Stephanie Curry,stokescaroline@gmail.com,1234568047,Port Anna,Kyrgyz Republic
158,Michael Garcia,brian45@miller.com,1234568048,Emilymouth,Russian Federation
159,Jennifer White,epage@yahoo.com,1234568049,Port Rebecca,Pitcairn Islands
160,Robert Brooks,johnnygriffith@gmail.com,1234568050,Lake Sarahside,Finland
161,Mr. Frederick Harrison,melissawilliams@green.com,1234568051,Darlenehaven,Lebanon
162,Taylor Browning,oschmidt@hotmail.com,1234568052,Petertown,Spain
163,Robert Clark,sheilalester@gmail.com,1234568053,Lake Charleshaven,Macao
164,Eric Lyons,barbara97@hotmail.com,1234568054,Joannahaven,Panama
165,John Clark,wcunningham@gmail.com,1234568055,New Michael,Svalbard & Jan Mayen Islands
166,John Delacruz,dhurley@walsh.biz,1234568056,Port Timothy,Monaco
167,Justin Spencer,michaelsnyder@gmail.com,1234568057,Christopherchester,South Africa
168,Ashley Larsen,daniellewilliams@stone-moore.com,1234568058,Port Aaronstad,Papua New Guinea
169,Robert Rodriguez,wellsmark@henderson.net,1234568059,New Kimberlyville,British Virgin Islands
170,Allison Nguyen,pamela82@butler-wolfe.com,1234568060,Paulashire,Bulgaria
171,Catherine Short,jeffreymahoney@morales.info,1234568061,Derekberg,Kenya
172,Henry Robinson,isaac98@gmail.com,1234568062,Port Alicia,China
173,Victoria Dixon,caseytina@yahoo.com,1234568063,Annhaven,French Polynesia
174,Jonathon Strickland,ryan10@yahoo.com,1234568064,Bakerton,Dominica
175,Barbara Rodriguez,smithmichele@moran.com,1234568065,Williamsfurt,Papua New Guinea
176,Sandra Booker,williamjenkins@gmail.com,1234568066,Matthewport,Uruguay
177,Sarah Powell,bryan44@yahoo.com,1234568067,Kaylatown,Guyana
178,Justin Roberson,johnsonrebecca@gmail.com,1234568068,Lake Brittany,Barbados
179,John Foster,andrew52@sanchez-mullen.info,1234568069,Novakland,Andorra
180,Robert Pearson,jamie14@yahoo.com,1234568070,New Robertoshire,Niger
181,Courtney Ray,robert24@montgomery-frazier.com,1234568071,Josephstad,Honduras
182,Randy Oliver,robbinsmicheal@cox.com,1234568072,Adrianafort,Sudan
183,Jeffrey Howard,ramirezcaroline@weeks.info,1234568073,New Kylefurt,Saint Martin
184,Richard Mclaughlin,webbpatrick@hotmail.com,1234568074,Bestbury,Somalia
185,Katelyn Rhodes,sbrooks@yahoo.com,1234568075,Rothshire,Mauritania
186,Kimberly Gallagher,derek84@hotmail.com,1234568076,West Steven,Netherlands
187,Tiffany Brewer,ocruz@yahoo.com,1234568077,New Laura,Mongolia
188,Walter Owens,barbaraross@knight-brown.org,1234568078,Clarkmouth,Senegal
189,Jason Bell,williambrown@hotmail.com,1234568079,Taylorfurt,Somalia
190,Stephen Jones,brandon93@hotmail.com,1234568080,Jonesmouth,Italy
191,Natasha Owens,xpreston@yahoo.com,1234568081,Bradleyburgh,Tonga
192,Paige Mendez DVM,hcross@gmail.com,1234568082,New Melissahaven,Slovakia (Slovak Republic)
193,Adam Grant,xrodgers@gmail.com,1234568083,South Christina,Bangladesh
194,Eric Jimenez,nelliott@yahoo.com,1234568084,West Robinport,Sweden
195,Dominique Turner,tracy39@smith-miller.com,1234568085,Rogersborough,Djibouti
196,Sean Brooks,james06@yahoo.com,1234568086,Phillipsbury,Cyprus
197,Patrick Henderson,ivelasquez@best-carey.com,1234568087,East Amandaport,Lao People's Democratic Republic
198,Curtis Winters,rodriguezmadison@herrera.com,1234568088,Davidburgh,Qatar
199,Anthony Simmons,brittanyellis@davis-scott.com,1234568089,East Sandra,Micronesia
200,Ashley Powers,probinson@gmail.com,1234568090,West Danny,Pitcairn Islands
201,David Lopez,ngonzalez@yahoo.com,1234568091,Zacharyfort,Bouvet Island (Bouvetoya)
202,Sara Johnson,jacobjohnson@ortega-johnson.com,1234568092,Joshualand,Nicaragua
203,William Walters,jenna96@hotmail.com,1234568093,South Heather,Austria
204,Dominic Jenkins,edavenport@jenkins-green.com,1234568094,Yvonneside,Svalbard & Jan Mayen Islands
205,William Cook,wjackson@hotmail.com,1234568095,Jamesbury,Bolivia
206,Diana Davis,tmckay@hotmail.com,1234568096,Christophertown,Antigua and Barbuda
207,Sarah Williams,dorseymichael@garcia-smith.com,1234568097,Barbarahaven,United Kingdom
208,Amy Hill,morenoheather@scott.com,1234568098,Padillaville,Turkmenistan
209,Michael Maldonado,raymondmyers@trujillo.com,1234568099,Donnatown,Slovakia (Slovak Republic)
210,Susan Cline,ramirezdavid@cook.org,1234568100,Ericfurt,Lithuania
211,Ronald Jordan,nhernandez@farmer.org,1234568101,Leonardport,Fiji
212,Jason Cox,lwoods@bentley.biz,1234568102,West Ricky,Marshall Islands
213,Joshua Page,robertwiggins@gmail.com,1234568103,East Kyle,Bangladesh
214,Alexander Scott,amypierce@hotmail.com,1234568104,Matthewfurt,El Salvador
215,Jennifer Thomas,vrodgers@burns.com,1234568105,East Hunterview,Palau
216,Phillip Allen,brianwatkins@gmail.com,1234568106,Kelseyfort,Micronesia
217,Lisa Powers,hamiltonjose@hotmail.com,1234568107,Garnertown,Uzbekistan
218,Craig Berger,stacymccall@gmail.com,1234568108,Sparksberg,Pitcairn Islands
219,Jamie Cruz,woodmelissa@hotmail.com,1234568109,Lake Amber,Zambia
220,Jasmin Sullivan,randalllowery@yahoo.com,1234568110,Ellistown,Equatorial Guinea
221,William Payne,haileyjohnson@hotmail.com,1234568111,West Adrienneton,Reunion
222,Madison Stevens,staylor@copeland.info,1234568112,Baldwinfurt,Jersey
223,Miss Catherine Simon,cjohnson@gmail.com,1234568113,Mindytown,Belgium
224,Julie Stewart,uthompson@hotmail.com,1234568114,Smithmouth,British Indian Ocean Territory (Chagos Archipelago)
225,Christopher Mccullough,kcarlson@yahoo.com,1234568115,Port Amandahaven,Jersey
226,Kevin Collins,smithclinton@goodman-jackson.com,1234568116,Thomaschester,San Marino
227,Jeffery Zimmerman,michaelbell@miranda-thomas.info,1234568117,West Robertport,Indonesia
228,Janet Hobbs,hansenkristin@wright-white.net,1234568118,Mcguireton,Australia
229,Kimberly Jackson,bryansmith@lopez.info,1234568119,New Dorothytown,Azerbaijan
230,Elijah Baker,barneslatoya@daniels-esparza.com,1234568120,Jeffreybury,Comoros
231,Casey Brown,joanmartinez@yahoo.com,1234568121,North Andrew,Congo
232,Kelli Bishop,xmiller@gmail.com,1234568122,Port Jasonview,Jersey
233,Mark Ward,jason80@osborne.com,1234568123,East Shaun,Macao
234,Mr. Jamie Rosario,kimberlyjones@moore.info,1234568124,Nicoleshire,Djibouti
235,Abigail Newman,vlang@sanders-ellis.com,1234568125,Martintown,Sudan
236,Daniel Powers,kingamber@gmail.com,1234568126,West John,Sierra Leone
237,Shannon Smith,karenwalton@williams.com,1234568127,Diazchester,Turkey
238,Shelby Wells,cfox@hotmail.com,1234568128,East Noah,Portugal
239,Amanda Kramer,kelly09@lopez.biz,1234568129,Kellermouth,Egypt
240,Paul Waters,kyle55@thomas.org,1234568130,Amandamouth,Fiji
241,Christopher Lewis,john63@brandt.net,1234568131,Lake Shawn,Swaziland
242,Mandy Riley,careykevin@yahoo.com,1234568132,West Kimberly,Puerto Rico
243,Alexis Atkins,john14@yahoo.com,1234568133,East Stevenfort,Micronesia
244,Jennifer Parrish,nfoster@yahoo.com,1234568134,East Monique,Botswana
245,Claudia White,johnsonamanda@hotmail.com,1234568135,Ericaburgh,Kuwait
246,Jeffery Lewis,marytorres@wolfe.biz,1234568136,Angelastad,Dominican Republic
247,Michael Ellis,rhondabailey@hotmail.com,1234568137,Port Austinview,Kyrgyz Republic
248,Victoria Camacho,joy49@hotmail.com,1234568138,New Stacey,Russian Federation
249,Jennifer Ochoa,carmenatkinson@hotmail.com,1234568139,Longside,Puerto Rico
250,Riley Diaz,awaters@hotmail.com,1234568140,Reneestad,Kuwait
251,Jennifer Tran,idavis@freeman.org,1234568141,Emilymouth,Switzerland
252,Jill Sanders,pmeyer@noble.com,1234568142,Williamstad,Isle of Man
253,Sarah Rojas,sowen@yahoo.com,1234568143,Justinfurt,South Africa
254,Katherine Mooney,craigrichard@yahoo.com,1234568144,Johnsonport,Senegal
255,Vincent Duncan,kristi92@gmail.com,1234568145,Moodyville,China
256,Denise Hall,stephenthompson@yoder-pearson.com,1234568146,East Wyattchester,Mauritius
257,Calvin Clarke,ambertorres@jordan.biz,1234568147,North Christinetown,Iran
258,Jacob French,michael67@yahoo.com,1234568148,Crystalborough,Korea
259,Linda Smith,npadilla@yahoo.com,1234568149,South Deborahville,Armenia
260,Kathryn Fitzgerald,jenniferodom@gmail.com,1234568150,West Maria,Swaziland
261,David Donovan,dguzman@hall-gentry.com,1234568151,West Justin,Slovakia (Slovak Republic)
262,Gabriela Smith,deborah24@long.net,1234568152,Hopkinsport,Solomon Islands
263,Tara Gregory,timothymiller@flores-ball.biz,1234568153,Andreland,Gambia
264,Clinton Smith,youngjohn@lewis.info,1234568154,Brandontown,Somalia
265,Cassandra Cole,mckenziealfred@gmail.com,1234568155,Port Erinberg,Iraq
266,Robert Myers,hmoore@ortiz.com,1234568156,Ortizfurt,Falkland Islands (Malvinas)
267,Timothy Simon,april69@vazquez.com,1234568157,New Jennifer,Algeria
268,Jessica Hopkins,markperez@gmail.com,1234568158,Jamesland,Spain
269,John Scott,ysandoval@mcgrath.com,1234568159,Port Paulshire,New Zealand
270,Erika Campbell,davidbarnes@yahoo.com,1234568160,Lake Anthonyland,Croatia
271,Kristina Vaughan,jennifer30@hotmail.com,1234568161,East Williamberg,Falkland Islands (Malvinas)
272,Carl Smith,davidandrade@gmail.com,1234568162,Lake Samantha,Algeria
273,Jordan Warner,sawyerraven@gmail.com,1234568163,New Joehaven,Mexico
274,Amber Friedman,trevortucker@gmail.com,1234568164,East Amy,Chile
275,Andrew Farmer,elizabeth45@hotmail.com,1234568165,East Cory,Nicaragua
276,Carol Petersen,roberthayes@tucker.biz,1234568166,East Jeremyside,Czech Republic
277,David Collins,nicholasdean@foster-hall.org,1234568167,South Victoriaport,Liechtenstein
278,Michael Hill,jamesortiz@gmail.com,1234568168,West Amber,Israel
279,Susan Hughes,efuller@williams-johnson.biz,1234568169,New Julieville,Estonia
280,Robert Perkins,drangel@gmail.com,1234568170,New Ronaldbury,Greenland
281,Jennifer Booker,idiaz@hotmail.com,1234568171,Katietown,Malawi
282,Crystal Rios,xparrish@terry.info,1234568172,Port Richardstad,Bahrain
283,Louis Gibson,nbrown@hotmail.com,1234568173,East Lisaside,United Arab Emirates
284,Annette Garcia,donald50@yahoo.com,1234568174,Melissaside,San Marino
285,Todd Morris,jonathan90@gmail.com,1234568175,New Lisa,Tokelau
286,Heidi Kennedy DDS,stephaniealexander@yahoo.com,1234568176,Port Heather,Saint Lucia
287,Kayla Novak,normanlane@gmail.com,1234568177,New Monicastad,Comoros
288,Terry Becker,nathan91@peterson-rhodes.info,1234568178,Port Colleenside,Chad
289,Gabriel Dillon,joan36@yahoo.com,1234568179,Morenoview,Malawi
290,Sarah Cameron,egonzalez@bell.com,1234568180,West Blake,Guyana
291,Jennifer Crosby,fmiller@yahoo.com,1234568181,Alanton,Russian Federation
292,Lindsey Roberts,erinkelly@robinson.com,1234568182,Lambertfort,Armenia
293,Erica Walker,justindillon@yahoo.com,1234568183,Reeseville,Guadeloupe
294,Wesley Parks,dnoble@gmail.com,1234568184,Angelaside,Mali
295,Paul Morales,qsmith@hotmail.com,1234568185,Gonzalestown,Vietnam
296,Michael Johnson,wallacekenneth@jones.com,1234568186,Mooreburgh,Mali
297,Ryan Mendoza,woodjohn@duncan.com,1234568187,West Kim,Argentina
298,Carl Jackson,qlopez@valdez.com,1234568188,West Kimberlyborough,Swaziland
299,Andrew Robinson,pittmanelizabeth@armstrong-shepard.com,1234568189,Jessicaport,Cayman Islands
300,Marie Mason,heathersanders@gmail.com,1234568190,Port David,Svalbard & Jan Mayen Islands
301,Tommy Colon,hhuerta@craig-zimmerman.biz,1234568191,Parkerborough,Isle of Man
302,Howard Frazier,heatherhunter@hotmail.com,1234568192,Wellsland,Tunisia
303,Jose Lee,russellthomas@thomas-perkins.com,1234568193,East Erikatown,Iran
304,Nancy Dennis,davidraymond@gmail.com,1234568194,Dominiqueview,Bhutan
305,Jeremy Pena,kmontgomery@carroll.info,1234568195,Perrytown,New Caledonia
306,Brandy Ortega,brownrachel@yahoo.com,1234568196,Port Nicoleview,Belgium
307,Beth Mcguire,lisa66@hotmail.com,1234568197,New Katherine,Paraguay
308,Mrs. Sarah Weaver,williamcunningham@johnson.com,1234568198,Alvaradochester,Montserrat
309,Scott Lee,talexander@hotmail.com,1234568199,East Tracystad,United States Minor Outlying Islands
310,Jennifer Lopez,daltonerika@thompson.info,1234568200,North Emily,Libyan Arab Jamahiriya
311,Victoria Taylor,sarah34@frank-woodard.com,1234568201,Nelsonton,Ukraine
312,Patricia Hughes,colleen51@king.com,1234568202,Pennyland,Denmark
313,David Nelson,laura23@hotmail.com,1234568203,Lake Jane,Macao
314,Brenda Thomas,alvaradocarolyn@hotmail.com,1234568204,West Nathan,Ecuador
315,Kristina Kaiser,adamsgrant@hotmail.com,1234568205,Gonzalesview,Marshall Islands
316,Jacob Miller,kdaniels@gmail.com,1234568206,Maryville,Pakistan
317,Janice Henson,kellymorgan@collins.com,1234568207,East Loriborough,Wallis and Futuna
318,Thomas Mendoza,rhuynh@sanchez.org,1234568208,Watsonfort,Andorra
319,Christine Lewis,natalieconrad@hotmail.com,1234568209,Port Justin,Bahrain
320,Christopher Guzman,dawn39@leach.com,1234568210,Lake Yvonne,Nepal
321,Charlene Arroyo,edowns@holmes-adams.org,1234568211,Wilsonstad,Slovenia
322,William Cameron,lharrell@mcintyre.com,1234568212,Sanchezport,Mexico
323,Jackie Rodgers,pharris@gmail.com,1234568213,Port Jason,Ghana
324,Larry Adams,lorimoses@james.com,1234568214,Lake Julieborough,Cuba
325,Emily Vargas,lklein@gmail.com,1234568215,Aguilarside,Tonga
326,Matthew Henry,jimmycervantes@singh.com,1234568216,Duranstad,Lesotho
327,Judith Frye,jermainerodriguez@gmail.com,1234568217,Dickersonmouth,Lithuania
328,Russell Thompson,moorewilliam@hughes.biz,1234568218,Hallshire,Holy See (Vatican City State)
329,Miguel Jacobs,morgangeorge@buck.com,1234568219,Marshallbury,Estonia
330,Deborah Mcgee,haroldburns@dougherty.com,1234568220,New Angelafurt,French Polynesia
331,Megan Martin,fosterjames@anderson.biz,1234568221,Port Christianberg,Peru
332,Christopher Lewis,smithlauren@hart.com,1234568222,Tracyborough,Gibraltar
333,Valerie Miller,heather99@mccullough.com,1234568223,North Rodney,Papua New Guinea
334,Amy Hahn,wangjason@gmail.com,1234568224,North Tannerville,Serbia
335,Alyssa Zhang,baileymichelle@lewis.com,1234568225,West Lindseyton,Netherlands
336,Vincent Bender,lauraharvey@yahoo.com,1234568226,New Christine,Monaco
337,Katherine Gonzalez,nortonpatrick@martinez.com,1234568227,Munozfort,Tokelau
338,Michelle Esparza,lauren52@hotmail.com,1234568228,North Amandastad,Burundi
339,Lisa Hayes,david63@gmail.com,1234568229,New Beverly,Marshall Islands
340,Ryan Howard,psmith@adams.com,1234568230,New Taylorstad,Myanmar
341,Terry Torres,bnoble@gmail.com,1234568231,East Virginiashire,Mayotte
342,Jonathan Scott,kelly30@yahoo.com,1234568232,Williamsborough,Myanmar
343,Gina Schultz,madison80@hebert.net,1234568233,Kennethville,Bermuda
344,Shawn Allen Jr.,aramirez@arnold.com,1234568234,Port Bruce,Sri Lanka
345,Glen Perez,leslie78@howe.com,1234568235,North Joseph,United States Virgin Islands
346,Julie Mcintyre,dmcintyre@luna.com,1234568236,West Dakotaport,Heard Island and McDonald Islands
347,Peter Greene,michaeldaugherty@yahoo.com,1234568237,Port Michael,Sri Lanka
348,Matthew Gardner,wayne40@wilkerson.com,1234568238,Gentryfort,Mozambique
349,Alexis Castro,harveyralph@wilson.info,1234568239,Lake Jared,Jersey
350,Tina Silva,jallen@koch-phillips.com,1234568240,Delgadoton,Turks and Caicos Islands
351,Melissa Moran,kcarroll@gmail.com,1234568241,Lake Tonya,Lebanon
352,Mr. Hector Miller III,emily63@taylor.com,1234568242,New Cherylton,Ecuador
353,Michael Reese,vargasdylan@stark-hicks.biz,1234568243,Jaclynfurt,Saint Martin
354,Bradley Moore,richardbutler@pineda.com,1234568244,Paulaland,Djibouti
355,Manuel Guzman,dperez@hotmail.com,1234568245,Orrview,Mexico
356,Mary Winters,evansandrew@walls.com,1234568246,Evanshaven,Bahamas
357,Scott Oconnell,matthew25@jones-brown.net,1234568247,Natashaville,China
358,Erika Gray,christopher45@roberts.com,1234568248,Melissaland,Norfolk Island
359,Michelle Jackson,mbyrd@howard.org,1234568249,South Eric,Armenia
360,Roberto Martinez,victoriacrane@simmons.com,1234568250,Patriciaville,Mauritius
361,Joseph Davis,hendricksaustin@gmail.com,1234568251,Carolyntown,Panama
362,Darren Taylor,davisrebecca@webb.org,1234568252,Lake Kristen,Guinea
363,Carrie Martin,williamsanthony@gmail.com,1234568253,Hamiltonfurt,Lithuania
364,Carrie Perez,chelsea23@gillespie-walker.com,1234568254,Kennethland,Hungary
365,Dylan Ryan,marshallsharon@yahoo.com,1234568255,Port Andreaborough,Faroe Islands
366,Kurt Greer,burkekathryn@hotmail.com,1234568256,East Stephaniefort,India
367,Denise Hall,cohenvictoria@yahoo.com,1234568257,Jimmyhaven,Germany
368,Diane Clark,sydney29@nguyen-jones.biz,1234568258,North Michael,Samoa
369,Marie Miller,jamie47@olson.com,1234568259,Kendraport,Cape Verde
370,Kevin Garcia,morenonicole@hotmail.com,1234568260,Port Stacy,Saint Kitts and Nevis
371,Shannon Santos,lhoward@sanchez-mosley.com,1234568261,Hessshire,Malta
372,Jacqueline Ballard,ginarojas@smith.com,1234568262,North Jacquelinefurt,Guadeloupe
373,Rebecca Cruz,pmcknight@yahoo.com,1234568263,Emilymouth,Austria
374,Julie Shaw,pattersonlisa@wagner-thompson.net,1234568264,Lake Jay,Honduras
375,Robert Short,guerraedward@irwin.net,1234568265,South John,Switzerland
376,Justin Donaldson,itaylor@yahoo.com,1234568266,Petersonbury,Syrian Arab Republic
377,Darrell Khan,anna59@hall.com,1234568267,Austinfort,Montenegro
378,Anthony Kane,dana95@yahoo.com,1234568268,Port Josephmouth,Congo
379,Christie Sullivan,chrisrichardson@gmail.com,1234568269,Josephstad,Benin
380,Susan Patel,broberts@flynn.info,1234568270,New Misty,Senegal
381,Shawn Gonzales,tjones@yahoo.com,1234568271,Port Martin,Cayman Islands
382,Tara Duncan,parkscaleb@gmail.com,1234568272,Port Anthonyland,Australia
383,Tiffany Roth,jbowen@gmail.com,1234568273,South Deborah,Saint Martin
384,Thomas Garcia,davidvelez@romero-marsh.com,1234568274,Michaelview,Sri Lanka
385,Kenneth Cohen,jacquelinelee@yahoo.com,1234568275,Robinmouth,Burundi
386,Pamela Gordon,mandy28@thomas-white.com,1234568276,East Richardburgh,Yemen
387,Tanya Morales,michellecraig@gmail.com,1234568277,Buckbury,Puerto Rico
388,Joshua Bass,goodmanmary@lara-bowen.net,1234568278,Christinamouth,Bulgaria
389,Allison Hawkins,lnash@bates-greene.com,1234568279,Lake Patrick,Bhutan
390,Adam Anthony,melissaellis@yahoo.com,1234568280,Christinaport,Vanuatu
391,Eric Vincent,rmoore@singleton-baldwin.com,1234568281,South Christopherberg,Jamaica
392,Dustin Ramirez,steven64@hotmail.com,1234568282,Ryanhaven,Spain
393,Anthony Mcknight,martinmichael@rodriguez-hill.org,1234568283,Port Tanya,New Zealand
394,David Hale,ledwards@hotmail.com,1234568284,Richardburgh,Greece
395,Mary Baird,hgomez@gmail.com,1234568285,Port Gary,Poland
396,Suzanne Marquez,nina87@hotmail.com,1234568286,South Katie,Macedonia
397,Catherine Wilkins,nathanielrogers@yahoo.com,1234568287,Mendezburgh,Australia
398,Dustin Mendez Jr.,michael14@nunez.net,1234568288,Shanebury,Antigua and Barbuda
399,Daniel Andrews,joneschristine@gmail.com,1234568289,East Timothy,Micronesia
400,Heather Ward,doris54@hotmail.com,1234568290,Robertsview,Panama
401,Jason Parker,johnsimpson@hotmail.com,1234568291,Danielview,Bangladesh
402,Ashley Gilmore,joshuawatkins@yahoo.com,1234568292,South Taylor,Costa Rica
403,Heather Thomas,laura69@cohen.com,1234568293,New Michaelview,Turkmenistan
404,Lisa Duran,christina28@espinoza.com,1234568294,Lake Tyler,Korea
405,Julie Smith,knightmonica@krueger-hamilton.biz,1234568295,Freemanland,Vanuatu
406,Mary Mason,gordonpaula@gmail.com,1234568296,Johnport,Bosnia and Herzegovina
407,Christopher Benson,samanthasummers@hotmail.com,1234568297,Toddchester,Tajikistan
408,Crystal Miller,jose68@vasquez.org,1234568298,Sheltonton,Cuba
409,Mark Knight,saratrevino@wagner-hicks.com,1234568299,New Shelby,South Georgia and the South Sandwich Islands
410,Nancy Ramirez,zvalenzuela@snyder-miller.info,1234568300,New Tammy,Vietnam
411,Christopher Rogers,mallory64@yahoo.com,1234568301,Lake Aaronstad,Micronesia
412,Kevin Woodward,graysarah@yahoo.com,1234568302,Lake Karen,Hungary
413,Steven Brown,katherine84@hodges.com,1234568303,Elliottfort,Cameroon
414,Harold Burns,gregorynielsen@johnson.com,1234568304,Lake Hannahton,Tonga
415,James Ramirez,robert54@hall.com,1234568305,Maxwelltown,Canada
416,Lisa Tucker,sarah27@hotmail.com,1234568306,Port Trevorchester,Jamaica
417,Melissa Frey,floresricardo@smith.org,1234568307,Erikaberg,Bahamas
418,Kiara Blankenship MD,grahamvictor@sutton.com,1234568308,Brandimouth,Belarus
419,James Harrison,sarah23@yahoo.com,1234568309,Dominguezstad,Saint Martin
420,Andrew Murray,donaldjohnson@yahoo.com,1234568310,North Joseph,Western Sahara
421,Stephanie Barrett,megan55@ruiz.org,1234568311,East Melissaberg,Cayman Islands
422,Mary Hart,charles30@miller.com,1234568312,Smithmouth,Slovakia (Slovak Republic)
423,Dale Johnson,wmedina@hotmail.com,1234568313,New Keithville,Anguilla
424,Marcus Frazier,kimcurtis@castillo-howe.com,1234568314,West Kevin,Iraq
425,Ashley Perez,williamslindsey@yahoo.com,1234568315,Elizabethshire,United States Minor Outlying Islands
426,Maurice Moore,lori14@gmail.com,1234568316,Flowersland,Algeria
427,Craig Mcdowell,stacey22@campbell-douglas.com,1234568317,Sergiomouth,Timor-Leste
428,Andrew Wells,jacklutz@hotmail.com,1234568318,Bookerbury,Guadeloupe
429,Rhonda Norton,crystalnoble@gmail.com,1234568319,South Timothy,Tajikistan
430,Gabrielle Parks,harrisbrooke@campbell.com,1234568320,Andersenview,Congo
431,John Hanson,vsanders@gmail.com,1234568321,Kaylafurt,Dominican Republic
432,Ruth Mckay,patricia65@yahoo.com,1234568322,Cochranshire,Jordan
433,Corey Wells,swagner@robertson.net,1234568323,East David,Zambia
434,Melanie Parker,nicole84@hotmail.com,1234568324,Phelpsborough,Uganda
435,Nicholas Gonzalez,darrell16@mann.com,1234568325,Tamarafurt,Iran
436,Andrea Cortez,jennifer47@curry.com,1234568326,Garciaberg,Mexico
437,Cynthia Cooper,russellpriscilla@gmail.com,1234568327,Wrightfurt,Philippines
438,Ebony Ramos,rachel07@gmail.com,1234568328,North Stephenmouth,Tajikistan
439,Shane Chang,melanie56@fleming.com,1234568329,Ramosstad,Liechtenstein
440,Elizabeth Romero,sanchezemily@hotmail.com,1234568330,Port Dianaville,Grenada
441,Amanda Hicks,ryan06@hudson.org,1234568331,New Melindamouth,Bermuda
442,Heather Melendez,teresacowan@hotmail.com,1234568332,West Angelaview,Gabon
443,Vincent Cummings,daviskyle@hotmail.com,1234568333,Stacymouth,Monaco
444,Benjamin Medina,castillocarl@gross.org,1234568334,Larrychester,Mali
445,Alexis Frye,antoniowilkerson@hotmail.com,1234568335,Jenniferberg,Gibraltar
446,Michael Park,gjacobs@gmail.com,1234568336,East Robert,Zimbabwe
447,Emily Wilkerson,jchaney@yahoo.com,1234568337,Parkerside,Zimbabwe
448,Brandon Hall,michaeljohnson@gmail.com,1234568338,North Ronniestad,Puerto Rico
449,Linda Reid,hartwendy@sanchez.info,1234568339,Frenchburgh,New Zealand
450,Shari Schmidt,ccook@scott.com,1234568340,Lake Edward,Slovenia
451,Travis Harper,vbryant@hotmail.com,1234568341,West Brendachester,Pitcairn Islands
452,Jacqueline Owens,tiffanyharrison@lopez-webb.com,1234568342,Lake Cynthia,Angola
453,Joseph Roth,regina79@wilson.biz,1234568343,Matthewstad,Nepal
454,April Anderson,calexander@yahoo.com,1234568344,Micheleborough,Guyana
455,Rodney Young,eblankenship@gmail.com,1234568345,New Shannon,Palestinian Territory
456,Stacy Mendoza,mccarthycathy@gmail.com,1234568346,Pamelaland,New Zealand
457,Kim Turner,jennifer45@weiss-perry.com,1234568347,South Rachelview,Cambodia
458,Yvonne Martin,alyssanash@perez-luna.net,1234568348,West Amanda,Cuba
459,Veronica Lee,joseph12@villegas-french.biz,1234568349,East Jessicafurt,Heard Island and McDonald Islands
460,Jasmine Garner,dukebrandon@hotmail.com,1234568350,North Kimberlyland,Croatia
461,Crystal Pierce,webbteresa@gutierrez-garcia.com,1234568351,Port Davidhaven,Denmark
462,James Brewer,ebrown@ewing-warner.com,1234568352,Chandlerberg,Mongolia
463,Brandon Dunn,martinezdarren@hotmail.com,1234568353,East Lindsey,Saint Kitts and Nevis
464,Rebecca Baldwin,hroth@hotmail.com,1234568354,East Stephen,Macedonia
465,Vanessa Kennedy,dustin35@davenport.org,1234568355,Ryanville,Afghanistan
466,Mrs. Emily Williams,areynolds@herring.info,1234568356,East Antonioton,Cook Islands
467,Anna Green,tony39@hotmail.com,1234568357,East Jennifertown,New Caledonia
468,David Hart,stokesrebecca@gmail.com,1234568358,Thompsonfurt,Canada
469,Kimberly Vega,psmith@yahoo.com,1234568359,Daniellestad,Svalbard & Jan Mayen Islands
470,Mary Vasquez DDS,kmullins@crawford.com,1234568360,Lake Melissa,Turkey
471,Sandra Davis,johnsongeorge@gmail.com,1234568361,Tiffanyland,Netherlands
472,Holly Pratt,schultznathan@yahoo.com,1234568362,Lake Thomas,Italy
473,Carolyn Tate,erinmeyer@sellers.org,1234568363,East Melanie,Saint Vincent and the Grenadines
474,Anthony Young,rogersbill@gmail.com,1234568364,East Chelsea,Cook Islands
475,Joseph Boyd,dawnmartin@hotmail.com,1234568365,Derekview,Mauritania
476,Stephanie Martinez,robertomoore@lee-kemp.net,1234568366,Aprilshire,Zimbabwe
477,Jonathan Hampton,wcobb@morales-sherman.com,1234568367,Byrdville,Slovakia (Slovak Republic)
478,Spencer Rivera,candiceclayton@gmail.com,1234568368,Joshuabury,Grenada
479,Stephanie Martinez,lbrown@potts.com,1234568369,Jessicamouth,Singapore
480,Jennifer Pacheco,kendrashelton@robertson.com,1234568370,Lake Stephen,Pakistan
481,William Hunt,dannygreen@gmail.com,1234568371,North Josehaven,American Samoa
482,Mark Ross,maria69@gmail.com,1234568372,New David,Luxembourg
483,Carolyn Berry,mitchelljesus@jones-bartlett.com,1234568373,Lake Ericchester,Tunisia
484,Christine Burton,hawkinstiffany@hotmail.com,1234568374,Richardsonbury,Latvia
485,Andrew Figueroa,john28@gmail.com,1234568375,New Veronicaside,Macedonia
486,Melanie Kelly,eric02@johnson.com,1234568376,East Karenmouth,Ukraine
487,Valerie Barnes,garciazachary@hotmail.com,1234568377,North Vickistad,Egypt
488,Gerald Miranda,gregsmith@hotmail.com,1234568378,North Brian,Heard Island and McDonald Islands
489,Jennifer Dominguez,pcompton@gmail.com,1234568379,Susanland,Jamaica
490,Brittany Young,christopher21@young.com,1234568380,Thomasbury,Saint Kitts and Nevis
491,Timothy Moore,jasongutierrez@gmail.com,1234568381,Vincentburgh,El Salvador
492,Tara Austin,millerandre@hayes.org,1234568382,Lake Hunterstad,Haiti
493,Lauren Andrews,lhorton@silva-marshall.com,1234568383,South Joshualand,Tokelau
494,Michelle Guzman,lstanley@yahoo.com,1234568384,Ericaton,Suriname
495,Patrick Rivera,donaldmadden@hotmail.com,1234568385,Lake Elizabethborough,Comoros
496,Michelle Myers,patricia02@vega-callahan.com,1234568386,Davidview,Netherlands Antilles
497,Shane Klein,murphytheodore@rodriguez-lopez.biz,1234568387,West Billymouth,Cote d'Ivoire
498,Brianna Fischer,jessicacoleman@yahoo.com,1234568388,Angelatown,Gibraltar
499,Melissa Curtis,suzannemartinez@gmail.com,1234568389,Ashleyport,Monaco
500,James York,maydavid@maldonado.org,1234568390,Port Angela,Moldova
